epoch,train_loss,val_loss,train_accuracy,val_accuracy
1,0.8996822905409259,0.930650693043576,0.6317758286435292,0.6323194657042032
2,0.7191110317862777,0.8229314518293075,0.683101721332112,0.676444251347045
3,0.6525266499735187,0.6748422875195113,0.7572714205474824,0.7460371085401672
4,0.5790148322700798,0.551511726004995,0.7622080100294053,0.7657488308420367
5,0.5105334126377918,0.5689570439935401,0.8134955549505429,0.7473269526578459
6,0.410152633770668,0.4628590577272569,0.8003878057557249,0.8195936518185235
7,0.36678517456007687,0.3865718579575218,0.8250839709643639,0.837920732997181
8,0.3015322734251429,0.3118808007695336,0.8883748163660659,0.8675964313581959
9,0.23665256141588542,0.3010951032085723,0.9483717750584505,0.8419458760877553
